system,algorithm,budget,mean_best_found,std_best_found,mean_gap,std_gap,runs,optimum,worst
7z,random_search,1,63529.31333333333,87319.94291366676,0.14114174648764694,0.20771758124866316,30,4196.4,424574.6
7z,rf_smbo,1,63924.26,68087.47375128658,0.14208124969372818,0.16196718514729488,30,4196.4,424574.6
7z,random_search,2,23586.4,21454.50529797156,0.04612513208344296,0.051036198589678436,30,4196.4,424574.6
7z,rf_smbo,2,25459.006666666664,30322.264689167827,0.05057970814534785,0.07213091613496568,30,4196.4,424574.6
7z,random_search,3,14585.313333333334,10909.340709392534,0.02471325423947611,0.02595125225188303,30,4196.4,424574.6
7z,rf_smbo,3,20348.333333333332,25519.31468836258,0.038422385683494854,0.060705609111896354,30,4196.4,424574.6
7z,random_search,4,11797.28,5945.6441464435065,0.018081051776709642,0.014143559648058596,30,4196.4,424574.6
7z,rf_smbo,4,14746.980000000001,10624.902849873093,0.025097828574364708,0.025274628536572766,30,4196.4,424574.6
7z,random_search,5,11179.76,5889.9408287877295,0.016612088828583407,0.014011052021222154,30,4196.4,424574.6
7z,rf_smbo,5,13595.893333333333,10083.629385977409,0.0223596117337515,0.023987041635311745,30,4196.4,424574.6
7z,random_search,6,10024.786666666665,2886.9115486054056,0.013864626345197415,0.006867414981569946,30,4196.4,424574.6
7z,rf_smbo,6,10546.826666666666,5503.194456071248,0.015106460484075214,0.013091055759007602,30,4196.4,424574.6
7z,random_search,7,9697.726666666666,2956.0079620457996,0.013086612642298455,0.007031782242860833,30,4196.4,424574.6
7z,rf_smbo,7,10316.426666666666,5533.414384909776,0.014558382586600988,0.01316294323756507,30,4196.4,424574.6
7z,random_search,8,9415.72,2859.7488535015536,0.012415772273633602,0.006802800082167805,30,4196.4,424574.6
7z,rf_smbo,8,10292.24,5530.974232173345,0.014500847094354561,0.013157138577055957,30,4196.4,424574.6
7z,random_search,9,8975.453333333333,2238.6938599184973,0.011368461383899865,0.005325428054828956,30,4196.4,424574.6
7z,rf_smbo,9,9181.28,2803.6748267352555,0.011858083982471023,0.006669410608673941,30,4196.4,424574.6
7z,random_search,10,8825.74,2371.5543898173764,0.011012321761689833,0.005641478054326739,30,4196.4,424574.6
7z,rf_smbo,10,9177.366666666667,2800.647373971478,0.011848774904756403,0.006662208872799489,30,4196.4,424574.6
7z,random_search,11,8775.146666666667,2346.2193829477114,0.010891969818289025,0.0055812108785558145,30,4196.4,424574.6
7z,rf_smbo,11,8509.586666666666,3129.354409098964,0.010260252950002324,0.007444140559855303,30,4196.4,424574.6
7z,random_search,12,8720.213333333333,2309.7899130818614,0.010761293838104199,0.005494552079726926,30,4196.4,424574.6
7z,rf_smbo,12,8340.726666666666,3094.4474149825123,0.009858567039553116,0.007361103442049357,30,4196.4,424574.6
7z,random_search,13,8720.213333333333,2309.7899130818614,0.010761293838104199,0.005494552079726926,30,4196.4,424574.6
7z,rf_smbo,13,7987.093333333333,2772.69507866703,0.00901734041711329,0.006595715664292369,30,4196.4,424574.6
7z,random_search,14,8476.46,2347.6612785992966,0.010181450893504945,0.005584640874810579,30,4196.4,424574.6
7z,rf_smbo,14,7978.8133333333335,2769.3856203676028,0.00899764386767281,0.006587843090739726,30,4196.4,424574.6
7z,random_search,15,8178.08,2523.6094504116318,0.009471661470551996,0.006003188201509097,30,4196.4,424574.6
7z,rf_smbo,15,7945.38,2716.5426583727008,0.008918112309344303,0.00646213970746509,30,4196.4,424574.6
7z,random_search,16,7877.666666666667,2332.6462098290613,0.008757035133283951,0.005548922874280973,30,4196.4,424574.6
7z,rf_smbo,16,7939.306666666667,2713.6715099827306,0.008903665001340858,0.006455309790047941,30,4196.4,424574.6
7z,random_search,17,7877.666666666667,2332.6462098290613,0.008757035133283951,0.005548922874280973,30,4196.4,424574.6
7z,rf_smbo,17,7914.253333333333,2697.334163351217,0.00884406787348472,0.006416446341297472,30,4196.4,424574.6
7z,random_search,18,7748.233333333334,2371.91185047775,0.008449137784341181,0.005642328385434234,30,4196.4,424574.6
7z,rf_smbo,18,7649.38,2693.583424951307,0.00821398445495033,0.006407524046088278,30,4196.4,424574.6
7z,random_search,19,7452.833333333333,2239.279920641568,0.007746437216138548,0.005326822182124498,30,4196.4,424574.6
7z,rf_smbo,19,7635.58,2704.993826419114,0.00818115687254953,0.0064346672268426695,30,4196.4,424574.6
7z,random_search,20,7267.34,2208.6258134555223,0.007305183760718326,0.00525390187563371,30,4196.4,424574.6
7z,rf_smbo,20,7635.179999999999,2705.4600166432274,0.008180205348421971,0.0064357762049583635,30,4196.4,424574.6
7z,random_search,21,7267.34,2208.6258134555223,0.007305183760718326,0.00525390187563371,30,4196.4,424574.6
7z,rf_smbo,21,7631.953333333334,2705.126563261758,0.008172529720459657,0.006434982982613652,30,4196.4,424574.6
7z,random_search,22,7255.166666666667,2198.373295202039,0.0072762257097696015,0.005229513079417627,30,4196.4,424574.6
7z,rf_smbo,22,7519.966666666666,2563.311159867029,0.007906134682213939,0.006097631037639509,30,4196.4,424574.6
7z,random_search,23,7154.453333333334,2177.8980096656837,0.007036647793185598,0.005180806258901351,30,4196.4,424574.6
7z,rf_smbo,23,7507.46,2573.181014392028,0.007876383694492247,0.006121109549429605,30,4196.4,424574.6
7z,random_search,24,6860.453333333334,2176.3211108995674,0.0063372775594294235,0.005177055115844655,30,4196.4,424574.6
7z,rf_smbo,24,7491.993333333333,2572.997907705615,0.007839591428226617,0.006120673973354506,30,4196.4,424574.6
7z,random_search,25,6833.8,2202.091478572132,0.006273874335063047,0.005238357932385963,30,4196.4,424574.6
7z,rf_smbo,25,7491.526666666667,2573.5881006249156,0.007838481316744464,0.00612207793036108,30,4196.4,424574.6
7z,random_search,26,6671.3933333333325,2196.7434138198573,0.005887539680538462,0.005225635900767112,30,4196.4,424574.6
7z,rf_smbo,26,7489.153333333334,2569.9139449879794,0.007832835606920944,0.006113337811018696,30,4196.4,424574.6
7z,random_search,27,6671.3933333333325,2196.7434138198573,0.005887539680538462,0.005225635900767112,30,4196.4,424574.6
7z,rf_smbo,27,7487.093333333333,2570.5987284507555,0.007827935257664013,0.00611496678098616,30,4196.4,424574.6
7z,random_search,28,6671.3933333333325,2196.7434138198573,0.005887539680538462,0.005225635900767112,30,4196.4,424574.6
7z,rf_smbo,28,7336.086666666667,2605.9109523428137,0.007468719040774872,0.0061989678635638425,30,4196.4,424574.6
7z,random_search,29,6671.3933333333325,2196.7434138198573,0.005887539680538462,0.005225635900767112,30,4196.4,424574.6
7z,rf_smbo,29,7331.740000000001,2610.816325847214,0.007458379145255393,0.006210636816674161,30,4196.4,424574.6
7z,random_search,30,6372.093333333333,2140.495271552878,0.005175561752092125,0.0050918322395235496,30,4196.4,424574.6
7z,rf_smbo,30,7304.246666666667,2580.43954699159,0.0073929777202211425,0.006138376221677504,30,4196.4,424574.6
7z,random_search,31,6372.093333333333,2140.495271552878,0.005175561752092125,0.0050918322395235496,30,4196.4,424574.6
7z,rf_smbo,31,7304.093333333333,2580.6089213171394,0.0073926129693055774,0.006138779131070878,30,4196.4,424574.6
7z,random_search,32,6073.613333333333,2054.073805163162,0.004465534448107284,0.004886251963501348,30,4196.4,424574.6
7z,rf_smbo,32,7304.093333333333,2580.6089213171394,0.0073926129693055774,0.006138779131070878,30,4196.4,424574.6
7z,random_search,33,6073.613333333333,2054.073805163162,0.004465534448107284,0.004886251963501348,30,4196.4,424574.6
7z,rf_smbo,33,7303.373333333334,2581.4629777456166,0.007390900225875971,0.00614081076931586,30,4196.4,424574.6
7z,random_search,34,6071.7,2051.0954218795314,0.004460982991030459,0.004879166954612611,30,4196.4,424574.6
7z,rf_smbo,34,7299.44,2577.556009706174,0.0073815435719549695,0.006131516833428029,30,4196.4,424574.6
7z,random_search,35,6070.306666666667,2049.047401032529,0.00445766851531946,0.004874295101488443,30,4196.4,424574.6
7z,rf_smbo,35,7299.433333333333,2577.563799315204,0.00738152771321951,0.0061315353634303705,30,4196.4,424574.6
7z,random_search,36,5938.5599999999995,1970.9370797003971,0.004144268185172305,0.004688485463091087,30,4196.4,424574.6
7z,rf_smbo,36,7247.7,2624.0187734557603,0.0072584639260551585,0.006242042935280091,30,4196.4,424574.6
7z,random_search,37,5796.113333333333,1900.864825815604,0.0038054145846129358,0.004521796862481462,30,4196.4,424574.6
7z,rf_smbo,37,7247.1,2624.7015802786495,0.00725703663986382,0.006243667203196194,30,4196.4,424574.6
7z,random_search,38,5648.66,1801.437893232074,0.0034546510737236144,0.00428527904927533,30,4196.4,424574.6
7z,rf_smbo,38,7245.58,2626.465729822309,0.007253420848179093,0.00624786378033473,30,4196.4,424574.6
7z,random_search,39,5609.246666666667,1812.0159462519266,0.003360894229688093,0.00431044223095281,30,4196.4,424574.6
7z,rf_smbo,39,7245.58,2626.465729822309,0.007253420848179093,0.00624786378033473,30,4196.4,424574.6
7z,random_search,40,5608.98,1812.158150478271,0.00336025988026972,0.00431078050783383,30,4196.4,424574.6
7z,rf_smbo,40,7245.5599999999995,2626.464624390059,0.007253373271972716,0.006247861150721086,30,4196.4,424574.6
7z,random_search,41,5608.98,1812.158150478271,0.00336025988026972,0.00431078050783383,30,4196.4,424574.6
7z,rf_smbo,41,7173.9,2651.856504543497,0.007082907724520445,0.006308263617246321,30,4196.4,424574.6
7z,random_search,42,5608.98,1812.158150478271,0.00336025988026972,0.00431078050783383,30,4196.4,424574.6
7z,rf_smbo,42,7173.9,2651.856504543497,0.007082907724520445,0.006308263617246321,30,4196.4,424574.6
7z,random_search,43,5608.98,1812.158150478271,0.00336025988026972,0.00431078050783383,30,4196.4,424574.6
7z,rf_smbo,43,7170.606666666666,2655.234041237632,0.007075073509203539,0.006316298136386787,30,4196.4,424574.6
7z,random_search,44,5467.453333333334,1692.0581484532754,0.0030235947852037376,0.004025085383717033,30,4196.4,424574.6
7z,rf_smbo,44,7167.72,2658.0242699392734,0.007068206676749652,0.006322935561214339,30,4196.4,424574.6
7z,random_search,45,5463.933333333333,1693.8810073693005,0.0030152213728812144,0.004029421619316371,30,4196.4,424574.6
7z,rf_smbo,45,7162.506666666667,2658.7634983115786,0.007055805145620461,0.006324694045294401,30,4196.4,424574.6
7z,random_search,46,5463.933333333333,1693.8810073693005,0.0030152213728812144,0.004029421619316371,30,4196.4,424574.6
7z,rf_smbo,46,6907.846666666666,2564.391030316519,0.006450017309809755,0.006100199844607829,30,4196.4,424574.6
7z,random_search,47,5463.933333333333,1693.8810073693005,0.0030152213728812144,0.004029421619316371,30,4196.4,424574.6
7z,rf_smbo,47,6907.58,2564.153077548891,0.006449382960391382,0.006099633800108785,30,4196.4,424574.6
7z,random_search,48,5463.933333333333,1693.8810073693005,0.0030152213728812144,0.004029421619316371,30,4196.4,424574.6
7z,rf_smbo,48,6907.3533333333335,2563.9520947073142,0.006448843763385765,0.006099155700051321,30,4196.4,424574.6
7z,random_search,49,5405.759999999999,1586.686694319655,0.002876838047263156,0.003774426681306632,30,4196.4,424574.6
7z,rf_smbo,49,6904.2266666666665,2566.666324502142,0.0064414060164553425,0.006105612337895119,30,4196.4,424574.6
7z,random_search,50,5405.759999999999,1586.686694319655,0.002876838047263156,0.003774426681306632,30,4196.4,424574.6
7z,rf_smbo,50,6898.3133333333335,2572.1882682654277,0.006427339318102922,0.006118747994699601,30,4196.4,424574.6
LLVM,random_search,1,76368.06666666667,8982.148472476349,0.4684760392999055,0.17472821423940108,30,52285.4,103691.8
LLVM,rf_smbo,1,75918.92,9054.996007859134,0.4597388651996638,0.1761453050176463,30,52285.4,103691.8
LLVM,random_search,2,71766.78,8083.024499546925,0.37896798842167506,0.15723770774741913,30,52285.4,103691.8
LLVM,rf_smbo,2,72335.92,8107.57270680553,0.39003937252949045,0.1577152398690733,30,52285.4,103691.8
LLVM,random_search,3,70724.9,7431.023310373235,0.3587004730928445,0.14455443894871517,30,52285.4,103691.8
LLVM,rf_smbo,3,69849.78666666667,6833.469148129434,0.34167704150974715,0.1329303189511312,30,52285.4,103691.8
LLVM,random_search,4,68661.84666666666,7021.560837126691,0.3185682457177835,0.13658923474755458,30,52285.4,103691.8
LLVM,rf_smbo,4,68629.66,6714.53899558059,0.3179421239378754,0.13061679081944252,30,52285.4,103691.8
LLVM,random_search,5,68088.03333333334,6510.130929364727,0.3074059520474753,0.12664047529810935,30,52285.4,103691.8
LLVM,rf_smbo,5,66633.9,5530.982184461236,0.2791189423884963,0.107593260459033,30,52285.4,103691.8
LLVM,random_search,6,66375.5,5859.096823596267,0.27409233091599483,0.11397601900923361,30,52285.4,103691.8
LLVM,rf_smbo,6,65943.15333333334,5248.422606954914,0.26568196437278885,0.102096676813683,30,52285.4,103691.8
LLVM,random_search,7,65874.24666666666,5544.303465766078,0.26434153464678845,0.10785239708997474,30,52285.4,103691.8
LLVM,rf_smbo,7,64320.473333333335,4885.697542964908,0.2341162449292954,0.09504064752569537,30,52285.4,103691.8
LLVM,random_search,8,64655.193333333336,5003.278287347574,0.2406274964466162,0.09732792584867982,30,52285.4,103691.8
LLVM,rf_smbo,8,63403.26666666667,4470.786538941622,0.21627397885606978,0.08696945397735734,30,52285.4,103691.8
LLVM,random_search,9,64161.88666666667,4993.803004602965,0.23103128533930922,0.0971436047768948,30,52285.4,103691.8
LLVM,rf_smbo,9,62137.71333333333,4190.194325403498,0.1916553840248166,0.08151114113035533,30,52285.4,103691.8
LLVM,random_search,10,64119.706666666665,4990.590828054076,0.2302107649371803,0.09708111885006684,30,52285.4,103691.8
LLVM,rf_smbo,10,61719.13333333333,3851.8832815536666,0.1835128181186259,0.07493003364471477,30,52285.4,103691.8
LLVM,random_search,11,63700.68,4581.905281340112,0.2220595100999097,0.08913102806926983,30,52285.4,103691.8
LLVM,rf_smbo,11,60811.82666666667,3363.5798338339932,0.16586313507008205,0.06543114930891859,30,52285.4,103691.8
LLVM,random_search,12,62674.76,3842.8687206125155,0.20210246195026296,0.07475467491620724,30,52285.4,103691.8
LLVM,rf_smbo,12,60542.979999999996,3448.652807771714,0.1606333063587413,0.06708605947453455,30,52285.4,103691.8
LLVM,random_search,13,62674.76,3842.8687206125155,0.20210246195026296,0.07475467491620724,30,52285.4,103691.8
LLVM,rf_smbo,13,60021.479999999996,3923.201473673571,0.15048865510909146,0.07631737436726889,30,52285.4,103691.8
LLVM,random_search,14,62541.72,3718.7525956780282,0.19951445734383264,0.0723402649412919,30,52285.4,103691.8
LLVM,rf_smbo,14,59243.7,3593.457936881678,0.1353586323881851,0.06990292914659806,30,52285.4,103691.8
LLVM,random_search,15,62434.16,3628.3101093180153,0.19742211086557312,0.0705809025591758,30,52285.4,103691.8
LLVM,rf_smbo,15,58798.5,3261.1607503020055,0.12669823212673906,0.06343880820874455,30,52285.4,103691.8
LLVM,random_search,16,62434.16,3628.3101093180153,0.19742211086557312,0.0705809025591758,30,52285.4,103691.8
LLVM,rf_smbo,16,58256.693333333336,3024.4588562348586,0.11615855872679923,0.058834286319113145,30,52285.4,103691.8
LLVM,random_search,17,62185.00666666667,3747.491183025061,0.19257537323497978,0.07289931181769316,30,52285.4,103691.8
LLVM,rf_smbo,17,57964.31333333333,2836.1727838437637,0.1104709400645315,0.055171589215423866,30,52285.4,103691.8
LLVM,random_search,18,62131.560000000005,3704.6190870876044,0.19153568427277534,0.07206532819041217,30,52285.4,103691.8
LLVM,rf_smbo,18,57656.7,2672.5647595134346,0.10448698994677703,0.051988950004540964,30,52285.4,103691.8
LLVM,random_search,19,62131.560000000005,3704.6190870876044,0.19153568427277534,0.07206532819041217,30,52285.4,103691.8
LLVM,rf_smbo,19,57473.026666666665,2546.2031891904617,0.10091402367539187,0.049530859760466825,30,52285.4,103691.8
LLVM,random_search,20,61768.88,3485.6095041539393,0.1844805316069594,0.06780497183529562,30,52285.4,103691.8
LLVM,rf_smbo,20,57201.37333333333,2588.157251382738,0.09562959735234002,0.05034698503265624,30,52285.4,103691.8
LLVM,random_search,21,61609.420000000006,3214.2194223105894,0.18137858321142888,0.06252566649892989,30,52285.4,103691.8
LLVM,rf_smbo,21,56911.66,2533.3579357758776,0.08999385290547476,0.04928098321951893,30,52285.4,103691.8
LLVM,random_search,22,61449.01333333333,3041.031017512196,0.1782582194694305,0.059156661768032685,30,52285.4,103691.8
LLVM,rf_smbo,22,56596.99333333333,2242.8455481948527,0.08387269548798071,0.043629694905592556,30,52285.4,103691.8
LLVM,random_search,23,61215.526666666665,3087.440724091978,0.17371624285432677,0.060059461936490005,30,52285.4,103691.8
LLVM,rf_smbo,23,56467.32666666667,2180.2535502556348,0.08135031176403454,0.042412103361753294,30,52285.4,103691.8
LLVM,random_search,24,61000.520000000004,2882.730919111251,0.16953375455196235,0.056077276742025346,30,52285.4,103691.8
LLVM,rf_smbo,24,56350.933333333334,2101.9536195764576,0.07908613194725427,0.040888948060483876,30,52285.4,103691.8
LLVM,random_search,25,60917.71333333333,2830.8534425009607,0.16792293047817647,0.05506811296844285,30,52285.4,103691.8
LLVM,rf_smbo,25,56124.746666666666,1981.676644998707,0.07468616099681488,0.03854922042778151,30,52285.4,103691.8
LLVM,random_search,26,60792.719999999994,2846.464492398027,0.16549145631672318,0.05537179208032516,30,52285.4,103691.8
LLVM,rf_smbo,26,55955.22,2016.4360901831485,0.07138838743813997,0.039225390032819815,30,52285.4,103691.8
LLVM,random_search,27,60769.65333333333,2833.250516782901,0.1650427443534916,0.055114742848806776,30,52285.4,103691.8
LLVM,rf_smbo,27,55795.1,2009.1262432657913,0.06827360017429734,0.03908319281773847,30,52285.4,103691.8
LLVM,random_search,28,60504.520000000004,2786.6544467861636,0.15988515048709884,0.05420831738433666,30,52285.4,103691.8
LLVM,rf_smbo,28,55731.99333333333,1954.6154224320437,0.06704599686679737,0.038022803044602295,30,52285.4,103691.8
LLVM,random_search,29,60422.21333333333,2670.898119867667,0.15828405282870092,0.05195652914554739,30,52285.4,103691.8
LLVM,rf_smbo,29,55618.63333333333,1935.1016974671463,0.06484082397003742,0.037643205855052014,30,52285.4,103691.8
LLVM,random_search,30,60329.26666666667,2593.9874879837184,0.15647597705084706,0.05046039963863877,30,52285.4,103691.8
LLVM,rf_smbo,30,55513.66,1898.1319602031954,0.06279879548071833,0.03692403981222563,30,52285.4,103691.8
LLVM,random_search,31,60103.1,2705.9465319538554,0.1520763951570232,0.05263831997482524,30,52285.4,103691.8
LLVM,rf_smbo,31,55470.34,1882.7370363383193,0.06195609885150485,0.036624564963473806,30,52285.4,103691.8
LLVM,random_search,32,60103.1,2705.9465319538554,0.1520763951570232,0.05263831997482524,30,52285.4,103691.8
LLVM,rf_smbo,32,55317.85333333334,1910.5624908754567,0.05898980152925184,0.03716584882184819,30,52285.4,103691.8
LLVM,random_search,33,60103.1,2705.9465319538554,0.1520763951570232,0.05263831997482524,30,52285.4,103691.8
LLVM,rf_smbo,33,55074.14666666666,1822.8355523333903,0.054249016983618094,0.03545931153189856,30,52285.4,103691.8
LLVM,random_search,34,59850.73333333333,2609.7851386436123,0.14716714909686987,0.05076770866358297,30,52285.4,103691.8
LLVM,rf_smbo,34,54875.706666666665,1475.7888520435756,0.050388797244441653,0.028708270799814327,30,52285.4,103691.8
LLVM,random_search,35,59850.73333333333,2609.7851386436123,0.14716714909686987,0.05076770866358297,30,52285.4,103691.8
LLVM,rf_smbo,35,54724.22666666667,1508.716981967844,0.0474420824385031,0.02934881613899913,30,52285.4,103691.8
LLVM,random_search,36,59807.853333333325,2599.3159465830468,0.1463330117131978,0.05056405324206802,30,52285.4,103691.8
LLVM,rf_smbo,36,54641.9,1483.2259108978033,0.045840595723489655,0.028852942647176298,30,52285.4,103691.8
LLVM,random_search,37,59807.853333333325,2599.3159465830468,0.1463330117131978,0.05056405324206802,30,52285.4,103691.8
LLVM,rf_smbo,37,54536.64666666666,1502.0909432804197,0.0437931204415533,0.02921992092969783,30,52285.4,103691.8
LLVM,random_search,38,59807.853333333325,2599.3159465830468,0.1463330117131978,0.05056405324206802,30,52285.4,103691.8
LLVM,rf_smbo,38,54459.78666666667,1546.6011071519627,0.04229797586811498,0.030085769615300104,30,52285.4,103691.8
LLVM,random_search,39,59733.706666666665,2579.3598782126796,0.14489064915393152,0.05017585122110632,30,52285.4,103691.8
LLVM,rf_smbo,39,54285.939999999995,1608.8663939299745,0.03891616608048801,0.03129700570220779,30,52285.4,103691.8
LLVM,random_search,40,59733.706666666665,2579.3598782126796,0.14489064915393152,0.05017585122110632,30,52285.4,103691.8
LLVM,rf_smbo,40,54210.246666666666,1513.020813662097,0.03744371647628828,0.029432537848635518,30,52285.4,103691.8
LLVM,random_search,41,59709.753333333334,2578.5050224598303,0.14442468901407862,0.0501592218568083,30,52285.4,103691.8
LLVM,rf_smbo,41,54199.40666666666,1505.734526661859,0.03723284779067715,0.029290798940634983,30,52285.4,103691.8
LLVM,random_search,42,59709.753333333334,2578.5050224598303,0.14442468901407862,0.0501592218568083,30,52285.4,103691.8
LLVM,rf_smbo,42,54145.88,1526.2648647981262,0.036191602602010625,0.029690172134172514,30,52285.4,103691.8
LLVM,random_search,43,59709.753333333334,2578.5050224598303,0.14442468901407862,0.0501592218568083,30,52285.4,103691.8
LLVM,rf_smbo,43,54138.96666666667,1518.903215080411,0.036057118698579665,0.0295469672079821,30,52285.4,103691.8
LLVM,random_search,44,59469.653333333335,2357.0261122035104,0.13975406434477672,0.04585083009515372,30,52285.4,103691.8
LLVM,rf_smbo,44,54023.026666666665,1581.1053861216797,0.03380175749841782,0.030756975515143645,30,52285.4,103691.8
LLVM,random_search,45,59464.54,2353.3984695065687,0.13965459553674245,0.04578026217565456,30,52285.4,103691.8
LLVM,rf_smbo,45,53917.78666666667,1605.0583454285659,0.03175454158755847,0.031222928379123334,30,52285.4,103691.8
LLVM,random_search,46,59266.253333333334,2010.3362024081052,0.13579735856495168,0.039106729948179715,30,52285.4,103691.8
LLVM,rf_smbo,46,53917.78666666667,1605.0583454285659,0.03175454158755847,0.031222928379123334,30,52285.4,103691.8
LLVM,random_search,47,59248.58666666667,2018.5632219961315,0.13545369188791015,0.039266768768015874,30,52285.4,103691.8
LLVM,rf_smbo,47,53917.78666666667,1605.0583454285659,0.03175454158755847,0.031222928379123334,30,52285.4,103691.8
LLVM,random_search,48,59248.58666666667,2018.5632219961315,0.13545369188791015,0.039266768768015874,30,52285.4,103691.8
LLVM,rf_smbo,48,53917.78666666667,1605.0583454285659,0.03175454158755847,0.031222928379123334,30,52285.4,103691.8
LLVM,random_search,49,59231.206666666665,1987.7051148000558,0.1351156016890244,0.03866649123066496,30,52285.4,103691.8
LLVM,rf_smbo,49,53839.079999999994,1546.8553993449937,0.030223474119953915,0.03009071631829876,30,52285.4,103691.8
LLVM,random_search,50,59231.206666666665,1987.7051148000558,0.1351156016890244,0.03866649123066496,30,52285.4,103691.8
LLVM,rf_smbo,50,53682.793333333335,1453.2190147330195,0.027183256040752366,0.02826922357397172,30,52285.4,103691.8
x264,random_search,1,67.76899999999999,40.13523563893831,0.26525657215015497,0.2303710001087034,30,21.556,195.776
x264,rf_smbo,1,68.12586666666667,34.858411643768804,0.2673049401140321,0.2000827209491953,30,21.556,195.776
x264,random_search,2,49.0014,22.47268113863187,0.15753300424750316,0.12899024875807527,30,21.556,195.776
x264,rf_smbo,2,43.88393333333333,20.25459954903957,0.12815941529866454,0.11625875071197093,30,21.556,195.776
x264,random_search,3,44.134,20.669254561738096,0.12959476523935254,0.11863881621936688,30,21.556,195.776
x264,rf_smbo,3,36.402,14.59036703468753,0.0852140971185857,0.08374679735212681,30,21.556,195.776
x264,random_search,4,38.03353333333334,14.078134307066973,0.09457888493475682,0.08080664853097792,30,21.556,195.776
x264,rf_smbo,4,34.1346,13.708717570243017,0.072199517850993,0.07868624480681335,30,21.556,195.776
x264,random_search,5,37.190666666666665,14.054632931904509,0.0897409405732216,0.08067175371314723,30,21.556,195.776
x264,rf_smbo,5,32.049933333333335,10.84745611345505,0.060233804002602066,0.0622629784953223,30,21.556,195.776
x264,random_search,6,33.437533333333334,10.158270864036183,0.06819844640875522,0.058307145356653566,30,21.556,195.776
x264,rf_smbo,6,30.044333333333334,7.944937509067552,0.048721922473500934,0.04560290155589227,30,21.556,195.776
x264,random_search,7,32.4996,9.777323636336028,0.06281483182183446,0.05612055812384358,30,21.556,195.776
x264,rf_smbo,7,29.068533333333335,7.312567546323262,0.043120958175486925,0.041973180727374944,30,21.556,195.776
x264,random_search,8,30.556333333333335,9.25092466704828,0.051660735468564645,0.05309909692944713,30,21.556,195.776
x264,rf_smbo,8,27.2718,5.524877563942184,0.03280794397887728,0.031712074181736785,30,21.556,195.776
x264,random_search,9,29.874466666666667,8.53525594926949,0.04774691003711782,0.048991252148257905,30,21.556,195.776
x264,rf_smbo,9,26.6602,5.530684919859259,0.029297440018367576,0.031745407644697854,30,21.556,195.776
x264,random_search,10,28.48886666666667,6.8705801930045,0.03979374736922665,0.039436231161775345,30,21.556,195.776
x264,rf_smbo,10,25.425133333333335,5.053842394369498,0.022208318983660498,0.029008393952298813,30,21.556,195.776
x264,random_search,11,27.9898,6.470192628374821,0.03692917001492366,0.03713805893912765,30,21.556,195.776
x264,rf_smbo,11,24.767999999999997,4.6770628272084585,0.01843645964872,0.026845728545565706,30,21.556,195.776
x264,random_search,12,27.85373333333333,6.075408968401495,0.03614816515516779,0.03487205239582996,30,21.556,195.776
x264,rf_smbo,12,24.358333333333334,4.129596426247747,0.016085026594726968,0.02370334305044051,30,21.556,195.776
x264,random_search,13,27.149066666666666,5.255827235215859,0.032103470707534526,0.03016776050519951,30,21.556,195.776
x264,rf_smbo,13,23.728666666666665,2.7115095341936364,0.012470822331917491,0.01556370987368635,30,21.556,195.776
x264,random_search,14,26.404333333333334,4.83728082873963,0.027828798836719848,0.027765358906782396,30,21.556,195.776
x264,rf_smbo,14,23.18,2.1137370077497897,0.009321547468717706,0.012132573801801112,30,21.556,195.776
x264,random_search,15,25.739066666666666,3.8278091594173724,0.02401025523284735,0.021971123633436878,30,21.556,195.776
x264,rf_smbo,15,22.848733333333332,1.8675143342169425,0.007420120154593801,0.010719287878641615,30,21.556,195.776
x264,random_search,16,25.739066666666666,3.8278091594173724,0.02401025523284735,0.021971123633436878,30,21.556,195.776
x264,rf_smbo,16,22.7172,1.8691449345106699,0.006665136034898395,0.010728647310932557,30,21.556,195.776
x264,random_search,17,24.837066666666665,2.932920574930486,0.018832893276699954,0.016834580271670795,30,21.556,195.776
x264,rf_smbo,17,22.608666666666668,1.6508300385236374,0.006042168905215621,0.00947554837862265,30,21.556,195.776
x264,random_search,18,24.788133333333334,2.9479792229340043,0.01855202234722381,0.016921014940500537,30,21.556,195.776
x264,rf_smbo,18,22.494266666666665,1.6211810708146752,0.005385527876631073,0.009305367184104438,30,21.556,195.776
x264,random_search,19,24.788133333333334,2.9479792229340043,0.01855202234722381,0.016921014940500537,30,21.556,195.776
x264,rf_smbo,19,22.434,1.477408355288362,0.005039605097003781,0.008480130612377235,30,21.556,195.776
x264,random_search,20,24.46966666666667,2.4215386435691775,0.0167240653579765,0.013899314909707137,30,21.556,195.776
x264,rf_smbo,20,22.400933333333334,1.4851562308003359,0.004849806757739249,0.008524602403859117,30,21.556,195.776
x264,random_search,21,24.410533333333333,2.4349684658913056,0.016384647763364325,0.013976400332288518,30,21.556,195.776
x264,rf_smbo,21,22.373266666666666,1.3739254091416526,0.004691003711782031,0.00788615204420648,30,21.556,195.776
x264,random_search,22,24.094133333333332,2.1979465610104074,0.014568553170321045,0.012615925617095665,30,21.556,195.776
x264,rf_smbo,22,22.307533333333332,1.3471432541220092,0.00431370298090536,0.007732425979348007,30,21.556,195.776
x264,random_search,23,24.092666666666666,2.198491415891163,0.014560134695595603,0.012619053012806579,30,21.556,195.776
x264,rf_smbo,23,22.0572,0.5411837854695697,0.0028768224084490795,0.003106324104405748,30,21.556,195.776
x264,random_search,24,23.99226666666667,2.2156428028644557,0.013983851834844825,0.012717499729448143,30,21.556,195.776
x264,rf_smbo,24,22.0356,0.5185633735752979,0.002752841235219829,0.0029764859004436763,30,21.556,195.776
x264,random_search,25,23.975733333333334,2.222348539245152,0.013888952665212562,0.012755989778700216,30,21.556,195.776
x264,rf_smbo,25,22.0356,0.5185633735752979,0.002752841235219829,0.0029764859004436763,30,21.556,195.776
x264,random_search,26,23.915066666666668,2.217865188734946,0.013540733937932876,0.01273025593350331,30,21.556,195.776
x264,rf_smbo,26,21.978533333333335,0.5066462911813492,0.0024252860368116865,0.0029080834070792615,30,21.556,195.776
x264,random_search,27,23.8676,2.076332403127173,0.013268281483182178,0.011917876266371103,30,21.556,195.776
x264,rf_smbo,27,21.9158,0.4425014630795997,0.0020652049133279703,0.0025399004883457704,30,21.556,195.776
x264,random_search,28,23.857733333333332,2.076306185203099,0.01321164810775647,0.011917725778918028,30,21.556,195.776
x264,rf_smbo,28,21.887866666666664,0.4212653953665474,0.0019048712356024887,0.002418008238816139,30,21.556,195.776
x264,random_search,29,23.793333333333333,2.113877126454404,0.012842000535721114,0.012133378064828402,30,21.556,195.776
x264,rf_smbo,29,21.870866666666664,0.41846144578586414,0.0018072934603757635,0.0024019139351731385,30,21.556,195.776
x264,random_search,30,23.7728,2.124712498198286,0.012724141889564913,0.012195571680623843,30,21.556,195.776
x264,rf_smbo,30,21.8274,0.3765451477258233,0.001557800482149,0.002161319869853194,30,21.556,195.776
x264,random_search,31,23.7728,2.124712498198286,0.012724141889564913,0.012195571680623843,30,21.556,195.776
x264,rf_smbo,31,21.825733333333332,0.3775309015288621,0.0015482340335973602,0.002166977967678007,30,21.556,195.776
x264,random_search,32,23.559933333333333,1.846501144911889,0.011502315080549491,0.010598674922006028,30,21.556,195.776
x264,rf_smbo,32,21.811,0.379736660113931,0.0014636666284008654,0.002179638733290843,30,21.556,195.776
x264,random_search,33,23.539933333333334,1.8479564469665022,0.011387517697929814,0.01060702816534555,30,21.556,195.776
x264,rf_smbo,33,21.799866666666667,0.35894555665682565,0.0013997627520759123,0.0020603005203583156,30,21.556,195.776
x264,random_search,34,23.539933333333334,1.8479564469665022,0.011387517697929814,0.01060702816534555,30,21.556,195.776
x264,rf_smbo,34,21.794266666666665,0.35477461843409513,0.0013676194849424025,0.0020363598808064236,30,21.556,195.776
x264,random_search,35,23.524800000000003,1.8455774986297042,0.011300654345080926,0.010593373313222963,30,21.556,195.776
x264,rf_smbo,35,21.761333333333333,0.33065591380365994,0.001178586461562003,0.0018979216726188733,30,21.556,195.776
x264,random_search,36,23.03213333333333,0.5363884164794515,0.008472812153216233,0.0030787993139676922,30,21.556,195.776
x264,rf_smbo,36,21.729466666666667,0.33286838377884514,0.0009956759652546528,0.001910620960732665,30,21.556,195.776
x264,random_search,37,23.03213333333333,0.5363884164794515,0.008472812153216233,0.0030787993139676922,30,21.556,195.776
x264,rf_smbo,37,21.697533333333336,0.31500221491649705,0.0008123828110052374,0.0018080714895907298,30,21.556,195.776
x264,random_search,38,23.03213333333333,0.5363884164794515,0.008472812153216233,0.0030787993139676922,30,21.556,195.776
x264,rf_smbo,38,21.6838,0.30964867745281344,0.0007335552749397266,0.001777342885161362,30,21.556,195.776
x264,random_search,39,23.000600000000002,0.5865626697269791,0.008291814946619212,0.003366792961353342,30,21.556,195.776
x264,rf_smbo,39,21.6452,0.2278557317311955,0.0005119963264837511,0.0013078620808816195,30,21.556,195.776
x264,random_search,40,23.000600000000002,0.5865626697269791,0.008291814946619212,0.003366792961353342,30,21.556,195.776
x264,rf_smbo,40,21.6452,0.2278557317311955,0.0005119963264837511,0.0013078620808816195,30,21.556,195.776
x264,random_search,41,23.000600000000002,0.5865626697269791,0.008291814946619212,0.003366792961353342,30,21.556,195.776
x264,rf_smbo,41,21.643266666666666,0.2281043217679039,0.0005008992461638491,0.0013092889551595906,30,21.556,195.776
x264,random_search,42,22.996266666666667,0.5856252145818367,0.008266942180384948,0.0033614120915040594,30,21.556,195.776
x264,rf_smbo,42,21.6428,0.22810439231436025,0.0004982206405693901,0.0013092893600870168,30,21.556,195.776
x264,random_search,43,22.954533333333334,0.597334523808337,0.00802739830865189,0.003428621994078391,30,21.556,195.776
x264,rf_smbo,43,21.63746666666667,0.22916937469664345,0.0004676080052041438,0.001315402219588127,30,21.556,195.776
x264,random_search,44,22.954533333333334,0.597334523808337,0.00802739830865189,0.003428621994078391,30,21.556,195.776
x264,rf_smbo,44,21.637,0.229157226555827,0.0004649293996096848,0.0013153324908496558,30,21.556,195.776
x264,random_search,45,22.954533333333334,0.597334523808337,0.00802739830865189,0.003428621994078391,30,21.556,195.776
x264,rf_smbo,45,21.634933333333333,0.22886751676436096,0.00045306700340565133,0.0013136695945606765,30,21.556,195.776
x264,random_search,46,22.954533333333334,0.597334523808337,0.00802739830865189,0.003428621994078391,30,21.556,195.776
x264,rf_smbo,46,21.6306,0.2294738509631589,0.00042819423717138834,0.0013171498735114165,30,21.556,195.776
x264,random_search,47,22.954533333333334,0.597334523808337,0.00802739830865189,0.003428621994078391,30,21.556,195.776
x264,rf_smbo,47,21.623933333333333,0.22378837499210982,0.00038992844296482974,0.0012845159854902415,30,21.556,195.776
x264,random_search,48,22.954533333333334,0.597334523808337,0.00802739830865189,0.003428621994078391,30,21.556,195.776
x264,rf_smbo,48,21.608333333333334,0.14166505746212435,0.0003003864845214822,0.0008131388902658977,30,21.556,195.776
x264,random_search,49,22.954533333333334,0.597334523808337,0.00802739830865189,0.003428621994078391,30,21.556,195.776
x264,rf_smbo,49,21.607866666666666,0.1415460771410598,0.00029770787892702326,0.000812455958793825,30,21.556,195.776
x264,random_search,50,22.954533333333334,0.597334523808337,0.00802739830865189,0.003428621994078391,30,21.556,195.776
x264,rf_smbo,50,21.585333333333335,0.04940287115300916,0.00016836949450885428,0.00028356601511312897,30,21.556,195.776
